{"cameraMode":{"drawMode":0,"name":"Shaded","section":"Shading Mode"},"sceneLighting":false,"audioPlay":false,"sceneViewState":{"showFog":true,"showMaterialUpdate":false,"showSkybox":false,"showFlares":true,"showImageEffects":true,"showParticleSystems":true},"in2DMode":false,"pivot":{"x":6.806577682495117,"y":-3.4582982063293459,"z":3.464798927307129},"rotation":{"x":-0.12324260175228119,"y":-0.8197516798973084,"z":0.1922762393951416,"w":-0.5253646969795227},"size":23.223421096801759,"orthographic":false}