{"cameraMode":{"drawMode":0,"name":"Shaded","section":"Shading Mode"},"sceneLighting":false,"audioPlay":false,"sceneViewState":{"showFog":true,"showMaterialUpdate":false,"showSkybox":false,"showFlares":true,"showImageEffects":true,"showParticleSystems":true},"in2DMode":false,"pivot":{"x":57.43464279174805,"y":0.840999960899353,"z":-38.46399688720703},"rotation":{"x":-0.24866047501564027,"y":0.704070508480072,"z":-0.29252666234970095,"w":-0.5979994535446167},"size":2.906402111053467,"orthographic":false}