{"cameraMode":{"drawMode":0,"name":"Shaded","section":"Shading Mode"},"sceneLighting":false,"audioPlay":false,"sceneViewState":{"showFog":true,"showMaterialUpdate":false,"showSkybox":false,"showFlares":true,"showImageEffects":true,"showParticleSystems":true},"in2DMode":false,"pivot":{"x":44.7140007019043,"y":5.549999713897705,"z":-2.3249998092651369},"rotation":{"x":-0.029076730832457544,"y":0.9708064198493958,"z":-0.15955623984336854,"w":-0.1769915521144867},"size":32.764137268066409,"orthographic":false}