{"cameraMode":{"drawMode":0,"name":"Shaded","section":"Shading Mode"},"sceneLighting":false,"audioPlay":false,"sceneViewState":{"showFog":true,"showMaterialUpdate":false,"showSkybox":false,"showFlares":true,"showImageEffects":true,"showParticleSystems":true},"in2DMode":false,"pivot":{"x":-27.11553192138672,"y":-2.7222235202789308,"z":23.76449966430664},"rotation":{"x":0.01617913320660591,"y":0.9652008414268494,"z":-0.2540757358074188,"w":0.06140223518013954},"size":18.91752052307129,"orthographic":false}