{"cameraMode":{"drawMode":0,"name":"Shaded","section":"Shading Mode"},"sceneLighting":false,"audioPlay":false,"sceneViewState":{"showFog":true,"showMaterialUpdate":false,"showSkybox":false,"showFlares":true,"showImageEffects":true,"showParticleSystems":true},"in2DMode":false,"pivot":{"x":29.013999938964845,"y":3.1374998092651369,"z":0.5999999046325684},"rotation":{"x":-0.13345350325107575,"y":0.5499494075775147,"z":-0.08953171223402024,"w":-0.8196506500244141},"size":19.872785568237306,"orthographic":false}