{"cameraMode":{"drawMode":0,"name":"Shaded","section":"Shading Mode"},"sceneLighting":false,"audioPlay":false,"sceneViewState":{"showFog":true,"showMaterialUpdate":false,"showSkybox":false,"showFlares":true,"showImageEffects":true,"showParticleSystems":true},"in2DMode":false,"pivot":{"x":56.50749969482422,"y":0.16750000417232514,"z":7.75},"rotation":{"x":-0.04003159701824188,"y":-0.9414878487586975,"z":0.31241485476493838,"w":-0.12063934653997421},"size":23.310352325439454,"orthographic":false}