{"cameraMode":{"drawMode":0,"name":"Shaded","section":"Shading Mode"},"sceneLighting":false,"audioPlay":false,"sceneViewState":{"showFog":true,"showMaterialUpdate":false,"showSkybox":false,"showFlares":true,"showImageEffects":true,"showParticleSystems":true},"in2DMode":false,"pivot":{"x":4.630000114440918,"y":1.1050000190734864,"z":-102.41999816894531},"rotation":{"x":-0.08683568239212036,"y":-0.8891603946685791,"z":0.409157395362854,"w":-0.18720732629299165},"size":6.669760227203369,"orthographic":false}