{"cameraMode":{"drawMode":0,"name":"Shaded","section":"Shading Mode"},"sceneLighting":false,"audioPlay":false,"sceneViewState":{"showFog":true,"showMaterialUpdate":false,"showSkybox":false,"showFlares":true,"showImageEffects":true,"showParticleSystems":true},"in2DMode":false,"pivot":{"x":8.256814956665039,"y":-11.752822875976563,"z":-107.09114074707031},"rotation":{"x":-0.0403800830245018,"y":-0.9568347334861755,"z":0.2381080985069275,"w":-0.16221779584884644},"size":36.89844512939453,"orthographic":false}