{"cameraMode":{"drawMode":0,"name":"Shaded","section":"Shading Mode"},"sceneLighting":false,"audioPlay":false,"sceneViewState":{"showFog":true,"showMaterialUpdate":false,"showSkybox":false,"showFlares":true,"showImageEffects":true,"showParticleSystems":true},"in2DMode":false,"pivot":{"x":309.3412780761719,"y":-6.967689514160156,"z":-84.6789779663086},"rotation":{"x":-0.26406851410865786,"y":0.06875256448984146,"z":-0.01881343126296997,"w":-0.9619972109794617},"size":40.66907501220703,"orthographic":false}