{"cameraMode":{"drawMode":0,"name":"Shaded","section":"Shading Mode"},"sceneLighting":false,"audioPlay":false,"sceneViewState":{"showFog":true,"showMaterialUpdate":false,"showSkybox":false,"showFlares":true,"showImageEffects":true,"showParticleSystems":true},"in2DMode":false,"pivot":{"x":0.06383037567138672,"y":-2.5062122344970705,"z":16.960660934448243},"rotation":{"x":-0.21101278066635133,"y":0.7793697714805603,"z":-0.34189125895500185,"w":-0.481020987033844},"size":23.218730926513673,"orthographic":false}